Date,Close,High,Low,Open,Volume,MA20
,KO,KO,KO,KO,KO,
2024-01-02,56.383644104003906,56.44019870271088,55.29970433327489,55.42223749935887,16322600,56.383644104003906
2024-01-03,56.515602111816406,56.74181691457664,56.32709037544326,56.48732660980724,14830600,56.449623107910156
2024-01-04,56.32708740234375,56.798364920620116,56.23283333691332,56.600429225878955,12912900,56.40877787272135
2024-01-05,56.24224853515625,56.50616634921951,55.69556856889393,56.364781677558426,10412800,56.36714553833008
2024-01-08,56.656982421875,56.722960985157684,56.006617161571334,56.251683478531625,11554600,56.425112915039065
2024-01-09,56.55330276489258,56.68525989605405,56.19513084062419,56.54387879647911,10493700,56.44647789001465
2024-01-10,56.741817474365234,56.93975318150674,56.5344542027528,56.76066900774476,12258000,56.48866925920759
2024-01-11,56.37421417236328,56.798361033333656,56.26110498691343,56.788937065660434,13754200,56.47436237335205
2024-01-12,56.9208984375,56.98687700282564,56.430769383965135,56.6287086755042,13218000,56.52397749159071
2024-01-16,56.543880462646484,56.95860340074054,56.4119197320344,56.920900334851375,11826900,56.52596778869629
2024-01-17,56.543880462646484,56.75124013391238,56.38364423039865,56.42134729628782,8982100,56.52759621360085
2024-01-18,56.7041130065918,56.7700915740088,56.11030230427651,56.26111097202426,10397700,56.5423059463501
2024-01-19,56.39306640625,56.81721327250765,56.21397865816956,56.798361741364346,14392600,56.53082598172701
2024-01-22,56.14799880981445,56.619276290907784,56.02546565797287,56.32708295822766,14314300,56.50348118373326
2024-01-23,56.41191482543945,56.55329951244534,56.04431895389847,56.1102975156847,14481600,56.49737675984701
2024-01-24,55.52592086791992,56.37422189722564,55.50706933442842,56.36479433269871,16370500,56.43666076660156
2024-01-25,55.76155090332031,55.77097487080779,55.290273426586516,55.62016622207545,14899700,56.39694842170267
2024-01-26,55.95949935913086,56.07260856818029,55.73328813215724,55.84639374564405,13025100,56.372645696004234
2024-01-29,56.29880905151367,56.35536364524594,55.77097696336503,55.9312131811588,14547100,56.36875955682052
2024-01-30,56.459049224853516,56.57215482468033,56.034898731050205,56.41191859566033,22061500,56.37327404022217
2024-01-31,56.07260513305664,56.97745717664325,55.88409339175217,56.64756073046981,22837000,56.3577220916748
2024-02-01,57.47700500488281,57.50528050505878,55.95006687082538,56.148002563181294,15870900,56.405792236328125
2024-02-02,57.062278747558594,57.37332001797091,56.770085412452104,57.326192988582605,17544900,56.44255180358887
2024-02-05,56.59101104736328,56.91147993640073,56.44020236990816,56.91147993640073,12759600,56.45998992919922
2024-02-06,56.49674987792969,56.60043151142713,56.25168714057758,56.51560141088943,12775200,56.451978302001955
2024-02-07,56.543880462646484,56.75124013391238,56.496749832503895,56.61928299886256,10259900,56.45150718688965
2024-02-08,56.39306640625,56.525023528691214,55.99719144336442,56.449617404117994,12874800,56.43406963348389
2024-02-09,56.13857650756836,56.15742803883874,55.639019917808234,56.05374641463264,15235300,56.42228775024414
2024-02-12,56.27053451538086,56.32708551451894,55.57304222966124,56.232831452247474,13516800,56.389769554138184
2024-02-13,55.94063949584961,57.17538787742362,55.41281098111917,56.08202418833074,24195700,56.35960750579834
2024-02-14,55.88409423828125,56.166860056740084,55.64845545697182,55.770985034447754,15872500,56.32661819458008
2024-02-15,55.987770080566406,56.16685424141734,55.73327979163377,56.00661801702475,13695800,56.29080104827881
2024-02-16,55.97834396362305,56.195131194118034,55.57304500361349,55.9406408986077,13947100,56.27006492614746
2024-02-20,57.21309280395508,57.34504993693329,56.09144998251581,56.17628008165355,18339300,56.323319625854495
2024-02-21,57.722068786621094,57.75976825334385,57.33562138710791,57.486430040684716,14373000,56.388827323913574
2024-02-22,57.63724136352539,57.73149542804021,57.02457915749278,57.48643270296442,12982800,56.49439334869385
2024-02-23,57.68437194824219,58.080243358258464,57.495860212041066,57.580690313553454,13612900,56.590534400939944
2024-02-26,57.2225227355957,57.75035491807561,57.17539569684417,57.7220794139372,10336100,56.653685569763184
2024-02-27,56.87377166748047,57.28849459366824,56.666408406605505,57.062283395952065,9931100,56.682433700561525
2024-02-28,56.93032455444336,57.01515464992909,56.609855704337534,56.902045458906755,8076500,56.705997467041016
2024-02-29,56.57215118408203,57.156534273736234,56.45904559153392,56.88319246247983,18152700,56.73097476959229
2024-03-01,56.11030197143555,56.45904993492783,55.93121780316059,56.45904993492783,10927600,56.66263961791992
2024-03-04,56.37421417236328,56.50617129315956,55.818106595034756,55.82753056270797,10150200,56.62823638916016
2024-03-05,56.10087966918945,56.65698731889662,56.00662200238006,56.46847558084019,12310000,56.603729820251466
2024-03-06,56.129150390625,56.55330086623417,55.96891776404045,56.100874890771735,12378800,56.58534984588623
2024-03-07,56.02547073364258,56.33651562521321,55.83696260057668,56.26110949553712,13686900,56.55942935943604
2024-03-08,56.10087966918945,56.35536997623127,55.58247508620603,55.893516397771144,13239000,56.54482002258301
2024-03-11,56.77951431274414,56.82664134324222,56.15742816170839,56.345936283700716,14114300,56.576866912841794
2024-03-12,57.02457809448242,57.26021684693896,56.75123627869795,56.85491790506875,12684600,56.614569091796874
2024-03-13,57.60896301269531,57.69379311008048,57.30734568767299,57.38275181670964,13909500,56.69798526763916
2024-03-14,57.48070526123047,57.7657328269176,57.385697280775474,57.55671454505217,13996600,56.77781581878662
2024-03-15,56.89164733886719,57.43320079649511,56.66362311360812,57.0246599601341,36849900,56.82300968170166
2024-03-18,57.12916564941406,57.385691520077614,56.81563282160691,56.90114144516143,15856700,56.88055076599121
2024-03-19,57.224178314208984,57.33818861352624,57.06266402553638,57.233681286673296,15030600,56.88110504150391
2024-03-20,57.718223571777344,57.77523052944359,57.15766783985223,57.17667015907431,15258800,56.88091278076172
2024-03-21,57.45219802856445,57.946247452597774,57.309682447360345,57.537706652422564,13067100,56.87166061401367
2024-03-22,57.4712028503418,57.756230400840145,57.41419589051335,57.49970451809505,11502800,56.861002159118655
2024-03-25,57.38569641113281,57.68022332067322,57.11966754611046,57.461702069480566,13144700,56.86916084289551
2024-03-26,57.518707275390625,57.680221559649745,57.36669233901417,57.48070263521602,13277400,56.901407623291014
2024-03-27,57.9842529296875,58.36429209260309,57.67072370095589,57.75623233139579,12551200,56.954104042053224
2024-03-28,58.12675857543945,58.202764220423546,57.95574134382344,58.08875394078669,13683500,57.03183441162109
2024-04-01,57.65171813964844,58.24077554716553,57.6042141530348,58.12676525442845,11668700,57.10890522003174
2024-04-02,57.14817428588867,57.69922710190569,57.110169643591725,57.43320185447142,13017300,57.14760322570801
2024-04-03,56.84413528442383,57.376185694008264,56.79662767700671,57.05315353490846,13672900,57.18476600646973
2024-04-04,56.3405876159668,57.148169893253126,56.21707435015653,57.09116293418949,14320700,57.19533786773682
2024-04-05,56.540103912353516,56.70162181004399,55.97004884545923,56.29308101651845,10157800,57.221069526672366
2024-04-08,56.31208419799805,56.50210376464772,56.12206463134837,56.435597459968605,10284500,57.23162975311279
2024-04-09,56.7396354675293,56.75863778935612,56.17907965876588,56.51161122992964,10779100,57.22963581085205
2024-04-10,55.97954559326172,56.426091003663764,55.761024373622,56.35958470309174,11861900,57.17738418579101
2024-04-11,56.103065490722656,56.40709536485798,55.856042577108454,56.19807709159119,11109000,57.10208930969238
2024-04-12,55.37149429321289,56.065062692897655,55.228982323709566,56.008059354825164,12250900,56.996628761291504
2024-04-15,55.23847579956055,55.87504079349977,55.143467829991934,55.685021230040824,12425000,56.913970184326175
2024-04-16,55.1624755859375,55.46650546771026,55.03896231386666,55.34299219563943,11236800,56.815635681152344
2024-04-17,55.59001541137695,55.63752302541853,55.20047689676186,55.37149415920967,13805100,56.73392753601074
2024-04-18,55.97004699707031,56.036553298534244,55.61851317157216,55.694518819964536,11125900,56.64651870727539
2024-04-19,57.16716766357422,57.34768788552705,56.055559162234886,56.15056713481503,21207900,56.63226718902588
2024-04-22,57.52820587158203,57.60421515093807,56.73962953203371,57.13866737568714,15624500,56.63511734008789
2024-04-23,57.61371612548828,57.65172076623941,57.12916964103852,57.5092051755837,13689100,56.646518325805665
2024-04-24,58.478302001953125,58.573313604209744,56.85364165874642,57.30968647661206,19548300,56.69449806213379
2024-04-25,58.65882110595703,59.46639977583574,58.30728362085136,58.782330750032244,19048500,56.72822647094726
2024-04-26,58.65882110595703,58.839337710289854,58.28828130076548,58.47830087730223,10994300,56.75482959747315
2024-04-29,58.943851470947266,58.95335081928245,58.45930134644347,58.829837544992166,13409300,56.81943626403809
2024-04-30,58.687320709228516,59.69442189241677,58.40229316661202,59.038854557644804,19349200,56.896393585205075
2024-05-01,58.83934020996094,59.44739998125315,58.15527115509614,58.715826936316546,16729800,56.996153831481934
2024-05-02,58.89634704589844,59.285885562564374,58.639821150876166,59.07686365751168,10991300,57.123941802978514
2024-05-03,59.067359924316406,59.219378489176904,58.56381111334323,58.89634628749248,11628700,57.25030460357666
2024-05-06,59.23837661743164,59.26688191023069,58.81083709298835,59.19087262852928,9310700,57.39661922454834
2024-05-07,59.49489974975586,59.684919320882024,59.14336589898167,59.62791236224761,9807000,57.53438243865967
2024-05-08,59.71342086791992,59.82743478495939,59.36188701785287,59.71342086791992,10484400,57.72107620239258
2024-05-09,59.74192810058594,59.998453985777466,59.61841483194069,59.6754217923128,9113700,57.90301933288574
2024-05-10,60.102962493896484,60.19797409638822,59.65642064731247,59.77993029406866,8371700,58.13959274291992
2024-05-13,60.4069938659668,60.4449948813005,60.02695471805438,60.083961677537815,10137600,58.39801864624023
2024-05-14,59.95094680786133,60.57800887921189,59.66591925257871,60.40699524549993,10852200,58.63744220733643
2024-05-15,59.979454040527344,60.22647696327669,59.855940766991615,59.9129477296209,9838900,58.85691413879395
2024-05-16,60.15997314453125,60.54951167782961,59.92244956021951,60.08396748219907,10228000,59.06641044616699
2024-05-17,59.884437561035156,60.207469740992615,59.79892893621343,60.178968074159314,11539000,59.20227394104004
2024-05-20,59.4473991394043,59.8654393201672,59.34288818813306,59.789433661993066,11000900,59.298233604431154
2024-05-21,59.77043151855469,59.836937828774985,59.323886043370926,59.68492288765401,9796200,59.406069374084474
2024-05-22,59.85593795776367,59.87494027774826,59.53290576666953,59.58040975447003,7419400,59.474951171875
2024-05-23,58.991355895996094,59.74193127128209,58.95335125373099,59.37139507000278,9834300,59.49157791137695
2024-05-24,58.90584945678711,59.30488734246483,58.87734778618793,59.114871372707235,8203100,59.50392932891846
2024-05-28,58.734825134277344,59.02935565096316,58.33578729649837,58.70632346709938,12347000,59.493478012084964
2024-05-29,58.620819091796875,58.79183635590874,58.02225866740536,58.402297837503305,11861800,59.49015293121338
2024-05-30,58.87733840942383,58.981849350739544,58.52580094784881,58.76332449654028,9433800,59.49205284118652
2024-05-31,59.789432525634766,59.88444050262722,58.61131403958946,58.89634521921084,19816600,59.53670711517334
2024-06-03,59.789432525634766,59.9414474634159,59.333387712291355,59.58041062706495,9369000,59.57281074523926
2024-06-04,60.749019622802734,60.77752491229962,59.798925457529684,60.04595197012078,11895600,59.64834289550781
2024-06-05,60.73002624511719,60.872541840617615,60.18847278113099,60.79653618085363,9632500,59.71009922027588
2024-06-06,60.948551177978516,61.1480701123958,60.65402063837052,60.73002629820094,8658500,59.77185573577881
2024-06-07,60.720523834228516,61.01505435872394,60.62551585823488,60.89153746615267,9523100,59.82078552246094
2024-06-10,60.4164924621582,60.79653160534306,60.207470570974344,60.74902399420355,15685300,59.83646202087402
2024-06-11,60.37848663330078,60.47349822938586,59.922441845057804,60.41649127173481,8396000,59.83503665924072
2024-06-12,59.74192810058594,60.51150213183855,59.561407871568576,60.51150213183855,9569600,59.82458572387695
2024-06-13,59.846439361572266,59.89394334996939,59.333387588510504,59.72292609228214,9668900,59.8179349899292
2024-06-14,59.889522552490234,60.02356726401626,59.44908888534916,59.72675501776419,8179200,59.80441246032715
2024-06-17,59.95654296875,60.2246360355741,59.53525908151831,59.717176376641106,10532700,59.80801773071289
2024-06-18,59.96611785888672,60.14803514849152,59.784196916837686,59.87036903348085,10651700,59.83395366668701
2024-06-20,59.53525924682617,60.071441729518824,59.31504241976785,59.74590301724906,13306300,59.822195053100586
2024-06-21,60.100162506103516,60.41612449853839,59.535257220289196,59.535257220289196,28278100,59.83440628051758
2024-06-24,61.24913024902344,61.33529872356169,60.23421449260739,60.31081356212317,13212500,59.94729499816894
2024-06-25,61.124656677246094,61.344873516555566,60.808691004033875,61.22040185870428,10235300,60.0582353591919
2024-06-26,61.325721740722656,61.383167383316454,60.54059598498,60.7033671613656,9402500,60.18778018951416
2024-06-27,61.19167709350586,61.53636192728726,60.91401096266345,61.32572545671713,8494100,60.31632308959961
2024-06-28,60.9427375793457,61.33529500324702,60.818265925154776,61.18210417839664,17358800,60.419593048095706
2024-07-01,60.588470458984375,61.565090242837094,60.435275986554295,61.306570233333694,10033400,60.45954494476318
2024-07-02,60.4640007019043,60.684217521337246,60.18633458731501,60.569318931024576,8878200,60.49327335357666
2024-07-03,60.636348724365234,60.96188379326261,60.253360704276815,60.502300360623174,9154200,60.487639808654784
2024-07-05,61.048057556152344,61.076784032520045,60.320384681357595,60.63635035429047,11735500,60.50354137420654
2024-07-08,60.28208541870117,60.88529029090965,60.16719047004774,60.88529029090965,11235100,60.470218086242674
2024-07-09,60.023563385009766,60.54059608386373,59.92781821223424,60.37782855965649,11657500,60.43537006378174
2024-07-10,60.157615661621094,60.18633848483717,59.640582929064955,60.0522937732362,11930400,60.42242622375488
2024-07-11,60.4161262512207,60.7608147274722,59.74590271678094,59.97569259931905,11431600,60.42430820465088
2024-07-12,60.99060821533203,61.38316927910531,60.69379232713494,60.76081468052713,9201500,60.486742210388186
2024-07-15,60.71294403076172,61.22040005191382,60.655494732115564,61.07678228396511,8207500,60.530067443847656
2024-07-16,61.5363655090332,61.57466504360852,60.69379766304413,60.732097197619446,9025100,60.612409591674805
2024-07-17,62.43638229370117,62.608726535761036,61.67041356612641,61.72785921185009,12508200,60.73640155792236
2024-07-18,62.417236328125,63.0108608150478,61.96722595585201,62.043825020257806,11128200,60.85895748138428
2024-07-19,62.51298141479492,62.84809318996929,62.06297104317984,62.84809318996929,13775700,61.007843589782716
2024-07-22,62.01509094238281,62.51297752441871,61.58423401609917,62.4746779946553,11794200,61.10359001159668
2024-07-23,62.19701385498047,63.23107927672043,62.09169197101314,62.64702421286111,11810300,61.15098419189453
2024-07-24,63.010860443115234,63.164058571022544,62.07254747679376,62.32148347730994,13244600,61.245294380187985
2024-07-25,63.25979995727539,64.04492205352493,63.058732905113864,63.231077136236365,16328600,61.34199829101563
2024-07-26,64.1981201171875,64.25556575921628,63.20235426098805,63.25979990301683,13530100,61.492320442199706
2024-07-29,63.98748016357422,64.17897051832198,63.56619261726259,64.03534909981677,12140200,61.644557571411134
2024-07-30,64.80133056640625,64.9449519969635,63.53747512630339,63.65237373172707,13258000,61.855200576782224
2024-07-31,63.901309967041016,64.73430842315418,63.7768419560818,64.62898652738507,15576800,62.02706604003906
2024-08-01,65.06940460205078,65.21302599860506,63.862995097837576,64.15023789094613,16495900,62.24871883392334
2024-08-02,66.38114929199219,66.70668437158508,64.81090493243896,65.61517322664903,22514800,62.515373420715335
2024-08-05,65.2034683227539,66.59179915482746,64.84921038672361,66.05561293817948,25484300,62.76144256591797
2024-08-06,65.15560150146484,65.91199364594357,64.88750473196613,65.25134669526936,12969100,63.01804447174072
2024-08-07,65.54814910888672,66.23752608820854,64.9449479044246,65.15559168198281,13365300,63.28757114410401
2024-08-08,65.8066635131836,65.93113150526105,64.96408847484906,65.10770988410047,15240900,63.55709800720215
2024-08-09,65.7587890625,65.86411094515454,65.34707824072918,65.77793517530604,12080400,63.79550704956055
2024-08-12,65.27047729492188,65.624742463156,64.94494225239995,65.53856669579599,11012300,64.02338371276855
2024-08-13,65.54814910888672,65.69177053039358,65.11729214925505,65.18431450530639,9877600,64.22397289276122
2024-08-14,65.66305541992188,65.95986770231474,65.23219110479148,65.32794360030255,14328000,64.38530654907227
2024-08-15,65.73007202148438,65.98858474398772,65.58645059569844,65.70134919730502,11285100,64.55094833374024
2024-08-16,66.2375259399414,66.3524245378675,65.72049320660737,65.9119835649286,12651200,64.73717555999755
2024-08-19,66.04602813720703,66.4673083390067,65.9215528439285,66.40028599065984,9843900,64.93872241973877
2024-08-20,66.42901611328125,66.43859282263732,65.84496102567228,66.05560480217243,11957400,65.1503225326538
2024-08-21,66.61093139648438,67.14711019656077,66.38114152572138,66.52476293428136,8792400,65.33032608032227
2024-08-22,66.38114929199219,66.94605097889368,65.86411654361893,66.94605097889368,12509200,65.4863935470581
2024-08-23,66.82157897949219,66.87902462424869,66.00773402425745,66.44816767879756,11834700,65.61756649017335
2024-08-26,67.82691192626953,67.90351098653775,66.76413101082387,66.85987618371493,12912200,65.80953807830811
2024-08-27,68.4588394165039,68.48756223628818,68.02798250996365,68.2864951929102,16988400,65.99241352081299
2024-08-28,68.69821166992188,68.75565731424176,68.26735472774541,68.5641669632497,13272600,66.23225860595703
2024-08-29,68.9854507446289,69.14821826459736,68.20032866049421,68.84182933676158,17201700,66.42806091308594
2024-08-30,69.3875961303711,69.48334131622858,68.72694192964245,69.12907609317752,18624200,66.57838325500488
2024-09-03,69.90462493896484,70.17271436613119,69.17694841887831,69.3588693751222,14755800,66.81344108581543
2024-09-04,69.47374725341797,70.40249066452706,68.851400048346,70.1822775225474,18140800,67.02934837341309
2024-09-05,68.14288330078125,69.58865963913138,67.96096964845917,69.5312139915443,23866100,67.15908508300781
2024-09-06,68.11415100097656,68.62160696376947,67.87478442947892,67.97052959710037,17485700,67.27445945739746
2024-09-09,68.79395294189453,69.23438656809599,67.96096192696734,68.20032850456954,12939300,67.42621765136718
2024-09-10,68.5067138671875,69.33970483877279,68.477983743264,68.90884794346232,10277600,67.58802947998046
2024-09-11,68.05671691894531,68.33438306562311,67.56840698479546,68.3248063557682,11418200,67.7134578704834
2024-09-12,68.20034790039062,68.34396204388447,67.6545922404431,67.98012737221622,12337800,67.84032249450684
2024-09-13,68.84141540527344,68.89925487653292,67.9448668259095,68.29191100843481,11073800,67.99588966369629
2024-09-16,69.50658416748047,69.64154782304126,69.0438537355485,69.18845239867248,10786500,68.15934257507324
2024-09-17,69.2173843383789,69.74759663525897,69.14026014266133,69.3137859055418,12974400,68.31791038513184
2024-09-18,69.16918182373047,69.77651833341854,68.70644399137171,69.30414549255003,10719700,68.4549186706543
2024-09-19,68.07982635498047,69.35234613007506,68.06054162908792,68.986009887796,13635600,68.5283634185791
2024-09-20,69.0631332397461,69.21738162513488,67.84845294719679,67.87738003568307,48578500,68.6624626159668
2024-09-23,69.14989471435547,69.60298276446595,68.61967512225014,68.97636897102711,11613000,68.77887840270996
2024-09-24,68.76428985595703,69.23666269022182,68.06054443126325,68.6582459240858,13330600,68.82574729919433
2024-09-25,68.87996673583984,69.33306218483317,68.74500307294413,69.1306166904896,12329100,68.84680366516113
2024-09-26,68.83177185058594,69.03421735145913,68.2919098266225,68.31119455335417,10815200,68.85348167419434
2024-09-27,69.2077407836914,69.60298940874517,68.88960899805946,68.96673319244925,11175700,68.86459617614746
2024-09-30,69.27522277832031,69.60298957279753,69.1113393810817,69.41018644133658,18015300,68.85897750854492
2024-10-01,69.13062286376953,70.13321541693082,69.05349866237974,69.50659415183394,13294500,68.82027740478516
2024-10-02,68.45580291748047,68.86069393302874,67.87738613027315,68.82213183321912,11155500,68.76938018798828
2024-10-03,67.9834213256836,68.4365167955029,67.67493188846147,68.31119548990178,9374800,68.7614070892334
2024-10-04,67.64601135253906,67.75205528485772,67.21220061484874,67.4435658512857,12684800,68.73800010681153
2024-10-07,66.52774047851562,67.57853009226713,66.39277680986807,67.5303329848749,14512000,68.62468948364258
2024-10-08,66.6916275024414,66.94227748137793,66.3831380495075,66.55666382646837,13549700,68.53393516540527
2024-10-09,67.06758880615234,67.23147219471977,66.58557364803569,66.70125993377204,9037700,68.48447875976562
2024-10-10,66.75910949707031,67.39537313240933,66.50845951754566,67.31824893025271,8635200,68.41241683959962
2024-10-11,67.06758880615234,67.08686617629125,66.51809182009806,66.96154488296926,8786300,68.32372550964355
2024-10-14,67.80989837646484,67.9352270422443,66.97119659147874,67.06759816556156,7659300,68.23889122009277
2024-10-15,67.80989837646484,68.6486075164196,67.63637995609695,67.92558467834543,10358700,68.16851692199707
2024-10-16,68.03162384033203,68.15694514234497,67.45320708147277,67.56888602026373,7937300,68.11163902282715
2024-10-17,67.38572692871094,68.14731183293226,67.07723749263113,68.08946500712658,14674600,68.07693405151367
2024-10-18,67.90630340576172,68.01234733765348,67.10615641238503,67.35680637458087,15087500,68.01909255981445
2024-10-21,66.95191955566406,67.80027115698326,66.81695586544865,67.48213930648856,11981200,67.90919380187988
2024-10-22,66.95191955566406,67.24113166610825,66.20961925947927,66.5181087449673,18603300,67.81857528686524
2024-10-23,65.56370544433594,66.22888137716768,64.1851417647458,64.58039037933071,24655200,67.65276222229004
2024-10-24,64.8792495727539,65.59263001717804,64.54183304508283,65.21665874545664,17568800,67.45513610839843
2024-10-25,64.5129165649414,65.2648591463279,64.38759525303323,64.65752260481621,11138100,67.22039489746093
2024-10-28,64.27190399169922,64.97564940881412,64.20442215895956,64.55147368589729,10761400,66.97022895812988
2024-10-29,63.20183563232422,63.95377822656357,63.16327353070056,63.90558111576062,16525900,66.67378959655761
2024-10-30,63.54888153076172,64.14658302022944,62.97046476787228,63.15363289552507,14177800,66.42844352722167
2024-10-31,62.9608268737793,63.61636787957828,62.912629763848734,63.44284210289711,13383700,66.17731380462646
2024-11-01,62.6716194152832,63.29824065679418,62.555933117552925,63.11507252413001,12163100,65.92859420776367
2024-11-04,62.76802062988281,63.06686770361379,62.3245675235513,62.73910089435637,10984500,65.74060821533203
2024-11-05,63.0186653137207,63.11506687571772,62.31491993670378,62.31491993670378,8780200,65.556960105896
2024-11-06,61.40873718261719,62.527012298919075,60.9074409335875,62.102836569556345,22899300,65.27401752471924
2024-11-07,61.370174407958984,62.07391615053134,61.3123312607329,61.97751458263861,14856100,65.00457077026367
2024-11-08,61.62082290649414,61.92931234782324,61.44730081354521,61.61118422035195,14719300,64.73223247528077
2024-11-11,61.08096694946289,61.8136321154577,60.97492301668858,61.688307133316776,13980900,64.39578590393066
2024-11-12,60.926719665527344,61.45693562957986,60.84959547130967,61.389453798381396,15021000,64.05162696838379
2024-11-13,60.73391342163086,60.98455970019859,60.24225955012015,60.78211420472265,13177600,63.68674144744873
2024-11-14,60.30010223388672,60.83996059475713,60.184419612801705,60.83996059475713,15910800,63.33246021270752
2024-11-15,59.51923751831055,60.37722397155861,59.18182467746513,60.242260306214064,26284300,62.91310691833496
2024-11-18,59.63492202758789,59.9048493668449,59.34571363874336,59.62527966405204,16062100,62.547257041931154
2024-11-19,60.33866500854492,60.367584744768706,59.41319667454125,59.673485333008074,16254800,62.2165943145752
2024-11-20,60.72427749633789,60.743554868463676,59.789166816417094,60.44470779321952,18904900,61.974622917175296
2024-11-21,61.46657943725586,61.514783901400875,60.68571713189297,60.87852395602016,17292300,61.80398941040039
2024-11-22,61.62082290649414,62.160684945046405,61.36053792832863,61.92931234782324,19562200,61.65938472747803
2024-11-25,62.064273834228516,62.38240562798667,61.54370021873604,62.00643436444274,36805300,61.549003219604494
2024-11-26,62.2281608581543,62.31492005762966,61.75578070000708,61.99678828295118,14473300,61.500319480895996
2024-11-27,62.11247634887695,62.758374924467425,61.93895058999033,62.62341126255204,13263400,61.42849922180176
2024-11-29,62.24361038208008,62.40873677863351,61.94249296407644,62.18532481036782,10648400,61.3926383972168
2024-12-02,61.82593536376953,62.35046106525275,61.53452972602778,62.21447374384079,16500100,61.35035419464111
2024-12-03,61.69965362548828,62.24360656177373,61.22369434306649,61.89392279597424,24874500,61.296935844421384
2024-12-04,60.42719650268555,61.53452600188211,60.126082796461866,61.466532345291185,28137700,61.16736240386963
2024-12-05,61.116851806640625,61.311120995221415,60.32035146829832,60.679750764054575,21040400,61.1527681350708
2024-12-06,60.73802947998047,61.544245323050795,60.718602190407815,61.029435118193646,15581100,61.121160888671874
2024-12-09,60.8060188293457,61.126563526501336,60.126082269396825,60.89343977353575,22348300,61.080420684814456
2024-12-10,61.107139587402344,61.233415114903494,60.01923732648318,60.9031586082381,14949400,61.081729316711424
2024-12-11,60.84487533569336,61.80650575228614,60.61175528070972,61.19455912354528,32819000,61.077637100219725
2024-12-12,62.01049041748047,62.0881958719744,61.408259249989946,61.728800271014514,17542100,61.141465950012204
2024-12-13,61.311119079589844,62.010486654478704,61.301407287883706,61.74822381389538,13429000,61.192016792297366
2024-12-16,60.75745391845703,62.02991353542992,60.56318473722337,61.41796691142563,24559700,61.253927612304686
2024-12-17,61.583099365234375,61.72879847769396,60.534047969717804,60.6603234981507,21902400,61.35133647918701
2024-12-18,61.04885482788086,61.81621604310476,60.99057666823818,61.01000395657786,20946100,61.38684597015381
2024-12-19,60.66032409667969,61.359687995214706,60.61175772538063,60.9031596585516,21300600,61.3836483001709
2024-12-20,60.75745391845703,61.252840515871696,60.49519107959805,60.67974846918943,42458100,61.348192024230954
2024-12-23,60.59233093261719,60.96143832181786,59.76668779225678,60.708890965765995,13010800,61.29676742553711
2024-12-24,61.039146423339844,61.039146423339844,60.232930586701265,60.41748798348081,5019100,61.245511054992676
2024-12-26,60.77688217163086,60.942012275181796,60.611755773456416,60.8254485413659,7943800,61.17294712066651
2024-12-27,60.66032409667969,61.145995220423515,60.42720032691694,60.66032409667969,8542800,61.10033950805664
2024-12-30,60.252357482910156,60.55347490885403,59.91238918376107,60.55347490885403,8972200,61.000776863098146
2024-12-31,60.47576141357422,60.640891508013155,60.0289449080651,60.24264136955915,9256700,60.93326816558838
2025-01-02,60.06780242919922,60.95172369229877,59.854105957226864,60.56318532605385,12991000,60.85167560577393
2025-01-03,59.98038101196289,60.300925717409136,59.85410548811652,60.1260838245069,10403200,60.829334831237794
2025-01-06,59.06732177734375,59.80554023474309,58.921618962081624,59.73754657572117,17924200,60.72685832977295
2025-01-07,59.096458435058594,59.951240591768816,58.88276196953695,59.358721268550696,17799600,60.64477977752686
2025-01-08,59.9415283203125,59.999810188238925,59.18388256415177,59.2421644320782,14412400,60.601555252075194
2025-01-10,59.31986999511719,59.88325026999886,58.989613487001584,59.815256609978874,22425000,60.51219177246094
2025-01-13,59.88324737548828,60.07751284879735,58.97018334727955,59.37814899305665,18016200,60.464110374450684
2025-01-14,60.2620735168457,60.29121259835322,59.54327862818872,59.89296242778528,16658300,60.37668952941895
2025-01-15,59.99980545043945,60.82544480129729,59.912384508141166,60.54375839200394,16187200,60.311123847961426
2025-01-16,60.4660530090332,60.51461937880853,59.56270445078138,59.65983719033204,12585500,60.29655380249024
2025-01-17,60.91286849975586,60.97115036571726,60.38834282223262,60.524333842809206,17948900,60.263042259216306
2025-01-21,60.63117980957031,61.41796834450558,60.514619780260965,61.097427337560745,19817100,60.24215850830078
2025-01-22,60.009517669677734,60.50490424802697,59.892957647574036,60.33977415345179,18191900,60.209618186950685
2025-01-23,59.766685485839844,60.20379022500067,59.61127087918005,60.02894832933634,16528400,60.16007976531982
2025-01-24,60.1455078125,60.232928759539305,59.67926399674921,59.95124233496952,19244600,60.13773860931396
2025-01-27,62.03962707519531,62.34074449986105,60.679750178994574,61.06828484703341,20742900,60.18776264190674
2025-01-28,60.57290267944336,62.20475793907842,60.49519352166236,61.68994403222078,14956000,60.17756366729736
2025-01-29,61.02943420410156,61.544244401247944,60.7574558595347,60.76717135686382,11325600,60.19601917266846
2025-01-30,62.21446990966797,62.447589959042645,61.41796590907141,62.020197026228445,13201000,60.29412479400635
2025-01-31,61.660804748535156,62.09790949617839,61.573383799006514,61.874501226355534,12096800,60.353376960754396
2025-02-03,61.53452682495117,61.80650516032914,60.640893780445296,61.36940042970065,12067900,60.426713180541995
2025-02-04,60.8740119934082,61.80650329235856,60.56318279555019,61.7870760043204,15678000,60.47139472961426
2025-02-05,61.311119079589844,61.47624918160592,60.79630889550581,60.9225844199444,10686800,60.58358459472656
2025-02-06,61.54424285888672,61.91335393523509,61.10713812444476,61.796790202466255,13423400,60.70597381591797
2025-02-07,62.01049041748047,62.0881958719744,61.456825622220734,61.61224023658528,13184700,60.809421920776366
2025-02-10,62.700138092041016,62.79727082387619,61.83564047505268,62.26302968265413,16154300,60.978435325622556
2025-02-11,65.66273498535156,65.73072864680198,64.50684274069445,65.56560224195857,30589100,61.26740970611572
2025-02-12,66.74091339111328,66.84776161271517,64.95364752204888,64.95364752204888,26033800,61.591351699829104
2025-02-13,67.50829315185547,67.61514140294175,66.78950188971014,67.02262197810111,24393100,61.966776084899905
2025-02-14,66.89633178710938,68.0230847474913,66.78948356533799,67.3722873317943,20779100,62.28829002380371
2025-02-18,67.07118225097656,67.38201146029208,66.45923191865798,66.58551114824901,15569100,62.596205711364746
2025-02-19,68.06194305419922,68.12022121081665,67.1877336511758,67.22658822583823,16032300,62.96774387359619
2025-02-20,68.0328140258789,68.06195310849213,67.43057914577629,67.71226929562654,13398000,63.36890869140625
2025-02-21,69.30525970458984,69.54809523783,68.1202211166575,68.30477849336079,21662300,63.84583740234375
2025-02-24,68.5670394897461,69.67437636959446,68.3144958639892,68.80987502964872,21418400,64.26691398620605
2025-02-25,69.44125366210938,69.71322829967038,68.70303890608754,68.82931072759713,21555600,64.63699531555176
2025-02-26,68.77102661132812,69.2372666894222,68.50876008299183,69.22755119299245,14531200,65.046901512146
2025-02-27,68.83901977539062,69.48981722726072,68.40191136818876,68.69331697299,16789500,65.43738079071045
2025-02-28,69.16928100585938,69.51896481009801,68.53790705872,69.40240107176737,22167400,65.78512134552003
2025-03-03,70.2474594116211,70.28631398437818,67.731686964304,68.2270660927648,21717600,66.21445407867432
2025-03-04,68.17851257324219,70.56801353744137,67.8773914467018,70.00463327307857,25411900,66.54665336608886
2025-03-05,68.07166290283203,68.71274489886963,67.83853543995214,67.89682101104853,23933600,66.90653591156006
2025-03-06,68.4407730102539,68.50876667029509,67.45971527758564,68.39221034494058,21694000,67.26301860809326
2025-03-07,69.38296508789062,69.76178790632362,67.6539773707858,67.6539773707858,28393300,67.65495471954345
2025-03-10,69.40239715576172,71.1216769980508,69.27612533775999,69.89778375227331,25251200,68.02455005645751
2025-03-11,69.004150390625,69.97549258518207,68.58647295053534,69.82007427689159,28076400,68.33975067138672
2025-03-12,67.93567657470703,68.7030378103025,67.7414036861527,68.35335402165765,18923300,68.45339775085449
2025-03-13,67.62483978271484,68.23678263886522,67.29457961457265,68.23678263886522,15746600,68.49759407043457
2025-03-14,67.67376708984375,67.77161661397149,66.91052288459095,67.03773398485316,14205100,68.50586776733398
2025-03-17,68.61314392089844,68.66206495591886,67.59549232791669,67.75205009159949,15634800,68.59170837402344
2025-03-18,67.8890380859375,68.68163646059993,67.8107629401008,68.60335384932253,12657600,68.63260116577149
2025-03-19,67.79118347167969,67.88903299571948,67.0670880352571,67.07687522729312,14780000,68.6190631866455
2025-03-20,68.21194458007812,68.30979410617803,67.60526557355422,67.8205390102382,16295300,68.62801971435547
2025-03-21,67.19429779052734,68.46636411523437,66.71482985325075,68.2119493572048,47479500,68.52247161865235
2025-03-24,67.4682846069336,67.5954957283564,66.86161297716231,67.32151402904789,12575400,68.46753387451172
2025-03-25,67.33129119873047,67.59549315976801,67.12580493205745,67.46828204317914,12513900,68.36203575134277
2025-03-26,68.5152816772461,68.8381918385244,67.41935501900281,67.43892193842554,14478200,68.34924850463867
2025-03-27,69.21981048583984,69.46443803947344,68.5642104338075,68.67184715464153,11663400,68.36828804016113
2025-03-28,68.85777282714844,69.78735463040796,68.03582028919669,69.28831228470301,17412900,68.35271263122559
2025-03-31,70.0809097290039,70.39403272350637,68.97518832229123,69.21003616724889,24016900,68.34438514709473
2025-04-01,70.3255386352539,70.36467994348904,69.66015132613907,70.13961928749734,15309100,68.45173645019531
2025-04-02,69.79713439941406,70.80499871154586,69.5231527377208,70.4135931382239,14606500,68.53801002502442
2025-04-03,71.60737609863281,72.36082566114725,70.76585673687158,70.92242195089243,24959600,68.69634017944335
2025-04-04,68.4272232055664,71.44103661679749,68.29023236555052,70.86371167778125,26517300,68.64855308532715
2025-04-07,66.90074920654297,67.8890391946576,64.63060570050881,64.80673784603908,34258400,68.52347068786621
2025-04-08,66.94966888427734,68.47614993643519,66.30385600737418,67.47806531016575,22774400,68.42074661254883
2025-04-09,68.44678497314453,68.9556144538461,65.8341645511063,66.46041047701569,27918700,68.4463020324707
2025-04-10,69.23939514160156,69.67972181728297,67.49764789583374,68.68164453519904,22450200,68.52702980041504
2025-04-11,69.89498901367188,70.30596153612429,69.0241154690004,69.38616695712712,19988200,68.63809089660644
2025-04-14,70.89306640625,71.09856013349723,69.40573407370118,69.76778556284995,13930200,68.75208702087403
2025-04-15,70.31575012207031,71.0691997614917,70.17875927853916,71.05942003369738,14965500,68.87342262268066
2025-04-16,70.13961791992188,71.10834101716941,69.85584903983097,70.80500521606305,15276200,68.99084434509277
2025-04-17,71.43124389648438,71.85200357695798,70.17875204729043,70.35488418017336,20754500,69.15180931091308
2025-04-21,71.20619201660156,71.89115371327699,70.27661020772067,71.80308390329476,16037200,69.3524040222168
2025-04-22,72.31190490722656,72.78158562020361,71.35296163128457,71.43124423859419,15613500,69.59458503723144
2025-04-23,71.72480010986328,72.36082576275518,70.82456505885999,71.71501291761317,16353900,69.81426048278809
2025-04-24,70.96156311035156,71.85201105972553,70.7462971170235,71.45081825648467,16893900,69.93657455444335
2025-04-25,70.36468505859375,71.35297516796928,69.60144069068704,71.08878064997823,16316000,69.99381828308105
2025-04-28,70.24726104736328,70.70716212024612,69.77757278036074,70.53102995330039,15997500,70.0632926940918
2025-04-29,70.79521179199219,71.1474760627952,68.76969596759507,69.66014383696945,16244100,70.09900779724121
2025-04-30,70.99092102050781,71.90093584389358,70.14940161542246,71.77372473459234,21074700,70.13227691650391
2025-05-01,69.75799560546875,70.4918782823128,69.69928738026223,70.45273697702824,18034200,70.13031997680665
2025-05-02,70.11026000976562,70.27660495843439,69.57207639296588,69.96348198105291,12629600,70.05546417236329
2025-05-05,70.1591796875,70.25703668171249,69.48401271316501,70.12982557541245,11932700,70.14206199645996
2025-05-06,70.17874908447266,70.3548812099196,69.63078578994438,70.13960778265779,12705500,70.30596199035645
2025-05-07,70.84414672851562,71.12791560942759,70.12983092960744,70.17875943044922,15018200,70.50068588256836
2025-05-08,69.64057159423828,70.91263788520205,69.60143028900733,70.64843594125327,14371100,70.56037521362305
2025-05-09,69.00454711914062,69.62101342218601,68.94583888663786,69.46444818158986,11228900,70.5486328125
2025-05-12,68.03582000732422,68.81863123399306,67.22365466610749,68.64249908126463,21539000,70.45567436218262
2025-05-13,67.47806549072266,68.19238125321668,67.39000315222596,68.09452425652164,14389100,70.28492431640625
2025-05-14,67.67376708984375,67.8498917540096,67.1062293982866,67.39977797066983,16286800,70.15282516479492
2025-05-15,70.07112121582031,70.18854513608719,68.10431347763544,68.20216301180405,19817100,70.14940032958984
2025-05-16,70.4527359008789,70.7071506486221,69.89498537361457,70.31574506719578,18441200,70.10047492980956
2025-05-19,70.38424682617188,70.6190872100123,70.10047794070415,70.48209636398528,13282800,70.05937767028809
2025-05-20,70.14939880371094,70.5799382162964,69.89498406074652,70.2570355232174,12137800,69.95125236511231
2025-05-21,70.30596160888672,70.53102225642887,70.04176712001986,70.1494038472651,12094400,69.88031044006348
2025-05-22,69.61122131347656,70.4429535654559,69.43508916296227,70.29617552912048,11101800,69.81279335021972
2025-05-23,70.22767639160156,70.43317011086249,69.17089100987447,70.00262321784437,12822100,69.80594291687012
2025-05-27,70.23746490478516,70.66801180589773,70.02219145422886,70.19832359873485,10666100,69.80545310974121
2025-05-28,69.62100982666016,70.35489255681024,69.5231602890617,70.15918601617217,8710900,69.7467430114746
2025-05-29,69.95369720458984,70.12004962444517,68.94583281962605,69.47422926197852,10291100,69.69488182067872
2025-05-30,70.55059051513672,70.9126420105047,70.07112256268587,70.07112256268587,28019500,69.73451156616211
2025-06-02,70.4527359008789,70.4918772055656,69.826489956773,70.4820900130338,10202700,69.75163536071777
2025-06-03,69.63079833984375,70.23746996371773,68.95562382636714,70.16897453955643,20139800,69.72521629333497
2025-06-04,69.8362808227539,70.30596157281869,69.16110634591475,69.72864409556387,13565900,69.70809288024903
2025-06-05,69.38616943359375,69.9243456230302,69.30788681734951,69.84606300678597,13531400,69.63519401550293
2025-06-06,69.81670379638672,69.94391490485923,69.41551848193814,69.5525093176465,9524000,69.64400062561035
2025-06-09,70.22767639160156,70.28639208229353,69.5622891321375,69.81670388396098,12281300,69.7051570892334
2025-06-10,70.79521179199219,71.12790914350188,70.21789435483416,70.35488518620862,12265000,69.8431266784668
2025-06-11,70.52123260498047,70.80500147005831,70.21789681992239,70.71693166654556,12718500,69.99528503417969
2025-06-12,70.68757629394531,70.84414151275935,70.0613303495702,70.69736348648132,12806900,70.14597549438477
2025-06-13,69.9878921508789,70.8353947249705,69.70211321827284,70.72699270838764,17467200,70.14181404113769
2025-06-16,69.49516296386719,70.57918320016967,69.21923327408842,70.16528114698137,15045900,70.09393539428712
2025-06-17,68.60824584960938,69.43603488995957,68.56882624980415,69.35719569034912,15437000,70.00513534545898
2025-06-18,68.2042007446289,68.98272092587185,68.08594194494596,68.98272092587185,16227600,69.90787544250489
2025-06-20,67.8395767211914,68.54911449936756,67.78045107918342,68.0859435875848,40859400,69.78455619812011
2025-06-23,68.72649383544922,68.79547625217107,67.96768725150879,68.13521490375908,21822800,69.74031982421874
2025-06-24,69.1896743774414,69.32763923015649,68.67723457000258,68.92360145249675,15216100,69.68841972351075
2025-06-25,68.61809539794922,69.00242709950942,68.4210049166178,68.91373863846626,12540400,69.60745124816894
2025-06-26,68.4604263305664,68.90388368457222,68.14507704096846,68.68707963825112,14454100,69.54942207336425
2025-06-27,69.30792999267578,69.53458330375038,68.46042735448324,68.578678640776,23470700,69.51713371276855
2025-06-30,69.7218246459961,69.76124424766502,69.07141249623913,69.11083209790806,15429000,69.47569541931152
2025-07-01,70.62844848632812,71.3971118742231,69.86964187786046,69.9583303371469,21729300,69.48448104858399
2025-07-02,69.87950134277344,70.78612960341357,69.71196616014988,70.64816476020833,13050200,69.49691619873047
2025-07-03,70.31310272216797,70.36237910324517,69.4261804924193,70.0076102113457,9440500,69.52075729370117
2025-07-07,69.97804260253906,70.33281147016692,69.77109534950942,70.33281147016692,16984700,69.55035095214843
2025-07-08,69.21923065185547,69.65283872995008,68.86446177314531,69.65283872995008,17115500,69.52047729492188
2025-07-09,68.47028350830078,69.22909015631363,67.96769299059243,69.14040169240519,33704100,69.43260765075684
2025-07-10,68.75606536865234,68.83490457447527,68.15493710018383,68.28304517075573,14608400,69.33065032958984
2025-07-11,68.8546142578125,69.1404007239369,68.24362172487206,68.55897101188518,12916700,69.24731941223145
2025-07-14,68.4604263305664,69.06156208863126,68.26332832549261,68.78563240004807,13983200,69.1359619140625
2025-07-15,68.3520278930664,68.53926912807891,68.14508061577283,68.49984952499625,12639800,69.05416870117188
2025-07-16,68.2633285522461,68.48998937920383,67.79030837553799,68.3421677545375,13178300,68.99257698059083
2025-07-17,69.56414031982422,69.6626930748704,68.49984123940966,68.79547694898942,20464700,69.04037170410156
2025-07-18,68.83489990234375,69.67254573142631,68.8151938614858,69.41632960767303,14928000,69.0719066619873
2025-07-21,69.05170440673828,69.59371451546089,68.9137395642489,69.16996320823776,17811700,69.13251304626465
2025-07-22,68.64766693115234,69.2389459039536,67.69176229117227,68.44071214807785,22339900,69.12857170104981
2025-07-23,68.15493774414062,68.72650319545606,67.60307081668631,68.64767150740877,21030000,69.07683486938477
2025-07-24,68.0958023071289,68.5392671903811,67.98740028134638,68.25348071500177,12511400,69.05072021484375
2025-07-25,68.16478729248047,68.22392045691508,67.75089273404109,68.12536768903092,12574800,69.03593826293945
2025-07-28,67.10047912597656,67.89871292142024,67.0709163036491,67.74103451097986,13668800,68.92556571960449
2025-07-29,68.37173461914062,68.41115422261753,67.15961376593845,67.34684748430298,16223400,68.85806121826172
2025-07-30,67.75089263916016,68.32246561059728,67.53408857975155,68.10566155118867,10448200,68.71418342590331
2025-07-31,66.90338897705078,67.65234639347064,66.75556734612942,67.15961263607977,17193400,68.56537780761718
2025-08-01,67.85929107666016,68.03667552328437,67.2778613555229,67.60306742742068,16107500,68.4426872253418
2025-08-04,67.95783996582031,68.0760987760864,67.31728456762333,67.7213298638087,10701500,68.34167709350587
2025-08-05,68.0465316772461,68.4801322506007,67.75088842941877,67.89871005333244,11993400,68.2830421447754
2025-08-06,68.49984741210938,68.78563388675316,67.63263120808126,68.11551569205884,10783000,68.28452033996582
2025-08-07,69.40647888183594,69.6922653695833,68.32246609561808,68.45057416866871,15790800,68.317041015625
2025-08-08,69.31777954101562,69.84008362554407,69.06156340730763,69.33749310115948,9232700,68.34019927978515
2025-08-11,69.7218246459961,69.83022667095558,68.9433044297053,69.27836728463107,10909400,68.40326919555665
2025-08-12,69.68240356445312,70.0273156735809,69.19952661167423,69.79080558711044,11061100,68.46978797912598
2025-08-13,69.43603515625,69.74152765776226,69.20938185465056,69.66269597636938,10356500,68.52842330932617
2025-08-14,68.53926086425781,69.43603229107238,68.38158247093855,69.35719309441275,10722400,68.47717933654785
2025-08-15,68.90388488769531,69.36705580955595,68.55897277094385,68.72650043929167,12381100,68.48062858581542
2025-08-18,68.1253662109375,69.03200203356498,68.04653452426938,68.9630196086551,14094900,68.43431167602539
2025-08-19,69.11083221435547,69.19952819789006,68.23376675167466,68.29289991353782,13862200,68.45746994018555
2025-08-20,69.67254638671875,70.66787062610618,69.38676743973072,69.71196598732539,17530800,68.53335037231446
2025-08-21,69.63313293457031,69.87949979462438,69.30792687485418,69.5739997755638,8840400,68.61021690368652
2025-08-22,69.11083221435547,69.98789767703626,68.90388494413509,69.92877203369336,12999600,68.65751914978027
2025-08-25,67.92827606201172,69.20938683802069,67.72132878622944,69.09112802963632,13634600,68.69890899658203
2025-08-26,67.73118591308594,68.0760980411544,67.5833642814793,68.03667843815792,17964200,68.6668815612793
2025-08-27,67.82972717285156,67.8691467735301,67.47495828526468,67.8198703930519,11562700,68.67082328796387
2025-08-28,67.3665542602539,67.89870757581357,67.28771506124066,67.87899401680035,16209900,68.69398155212403
2025-08-29,67.98739624023438,68.13521785919872,67.43553688252202,67.67204696175304,14601100,68.70038681030273
2025-09-02,68.05638122558594,68.33231091484431,67.26801175892203,67.95783598206798,24770100,68.70531387329102
2025-09-03,67.98739624023438,68.09579825957357,66.39094380727508,67.66219770073666,33581500,68.70235710144043
2025-09-04,67.2581558227539,68.45057057687627,67.12019097639397,68.10565846097646,16736000,68.64027252197266
2025-09-05,66.97237396240234,67.58336655158995,66.88368549157165,67.02165034743324,23978000,68.51856727600098
2025-09-08,66.4500732421875,66.89353060588499,66.18400032767306,66.873824564207,21671700,68.37518196105957
2025-09-09,66.87382507324219,67.12019194795396,66.30225211946602,66.30225211946602,14120600,68.23278198242187
2025-09-10,66.83440399169922,67.1004769023495,66.23326822922692,66.80484117035142,16041900,68.09038200378419
2025-09-11,66.63731384277344,67.17931644678788,66.59789424126909,66.9329495762758,15128700,67.95044593811035
2025-09-12,66.03617858886719,66.73585960431994,65.96719616533017,66.61760079889063,18712400,67.82529182434082
2025-09-15,65.74819946289062,66.31422354002852,65.63896608167268,66.21492253242528,15986100,67.66750755310059
2025-09-16,65.77798461914062,66.04610565558093,65.59923978690733,65.88721799307102,18555900,67.55013847351074
2025-09-17,66.5724105834961,66.66177921528677,65.94680743241825,65.94680743241825,17372300,67.42321739196777
2025-09-18,65.99645233154297,66.57240875228796,65.88721895601613,66.33408483122071,17722900,67.23941268920899
2025-09-19,65.96665954589844,66.26457011472462,65.58931272474169,66.02623862919148,31192900,67.05608901977538
2025-09-22,65.74819946289062,66.12554632225547,65.61910891062452,65.69855274717962,13298700,66.88795738220215
2025-09-23,66.24471282958984,66.29436712204614,65.44036480983097,65.88722313721227,15072800,66.80377922058105
2025-09-24,65.98651885986328,66.31421898098806,65.49993865273242,65.94680452049731,14759300,66.71654586791992
2025-09-25,65.51980590820312,66.45324444267168,65.49000878826624,66.28443197726769,14395000,66.6010498046875
2025-09-26,65.21195983886719,65.86736007500325,65.0431473815039,65.60917141444838,17821600,66.49332008361816
2025-09-29,65.57938385009766,65.6389629365686,64.89419405095812,65.21196180577135,14818500,66.37291946411133
2025-09-30,65.85742950439453,66.17519725831927,65.49993983420659,65.60917320988517,13815000,66.26297187805176
2025-10-01,66.31422424316406,66.3638785355828,65.82764399742202,66.04611076217434,14877500,66.17931327819824
2025-10-02,65.63896179199219,66.18512866238848,65.40063787408324,66.06596291534362,14350700,66.09835357666016
2025-10-03,66.18512725830078,66.52275217016083,65.57938131532308,65.63896039949117,12249200,66.05899124145508
2025-10-06,65.63896179199219,66.0361733726276,65.38077312815206,66.02624099966201,14333300,66.01843566894532
2025-10-07,66.32415008544922,66.79087311397086,65.41056877388972,65.75812605805034,13328300,65.99095191955567
2025-10-08,65.65882873535156,66.40359763290064,65.59924207174456,66.20498804784562,12606700,65.93217315673829
2025-10-09,65.9070816040039,66.33408271942011,65.65882531774287,65.82763777411702,12705200,65.89566154479981
2025-10-10,66.5724105834961,66.92990026302088,65.91701031230697,66.0560332347687,17991700,65.92247314453125
2025-10-13,66.3340835571289,66.3340835571289,65.53966040058889,65.76805952035286,13690000,65.95176734924317
2025-10-14,67.03913116455078,67.09871025020986,66.2844299160857,66.40359566358465,14245600,66.01482467651367
2025-10-15,66.61212921142578,67.2476647044907,66.45324155006921,66.80079883906086,11193700,66.01681060791016
2025-10-16,67.11856842041016,67.63494575775452,66.6915748652482,66.71143203537027,15707200,66.07291641235352
2025-10-17,67.962646484375,68.02222557144653,67.32711096834208,67.52571297603451,15541800,66.17271575927734
2025-10-20,67.962646484375,68.16124849206741,67.44626914248516,67.95271411113609,17786800,66.28343811035157
2025-10-21,70.72325134277344,70.89206379747803,69.74015858023319,70.07778348964236,33651300,66.50736503601074
2025-10-22,70.31610870361328,71.12046422985016,70.01820570323501,70.86227556857779,18293000,66.72384452819824
2025-10-23,69.45218658447266,70.4352794348104,69.233719823024,70.31611368051625,13989400,66.92046356201172
2025-10-24,69.22378540039062,69.56141790613931,69.16420631309774,69.4223949850019,15688200,67.1210548400879
2025-10-27,69.57134246826172,69.63092913153434,68.76699448780037,69.293296626926,13800000,67.32065277099609
2025-10-28,69.670654296875,70.40549085126584,69.46211232996849,69.5614209146597,12730500,67.51131401062011
2025-10-29,67.8732681274414,69.5415506982238,67.68459849896472,69.43231732459905,19789600,67.58926620483399
2025-10-30,68.4988784790039,68.8067138524675,67.91298969833696,67.97256878321876,14751700,67.73226203918458
2025-10-31,68.41943359375,68.58824604910015,67.42640845472948,68.07187631032893,16742700,67.84397735595704
2025-11-03,67.49592590332031,68.40950729403845,67.18809050727384,68.32013866015963,15660400,67.93682556152343
2025-11-04,68.18111419677734,68.25062565806472,67.68460159438723,67.99243698349116,12743800,68.02967376708985
2025-11-05,68.03215789794922,68.34992565574737,67.70445776691898,68.18111319170669,12850100,68.14834022521973
2025-11-06,68.57831573486328,68.65775956665289,67.44626764849417,67.8236220614044,15906700,68.28190193176269
2025-11-07,70.05792999267578,70.37569774955632,68.92588188527753,69.32308589924251,25108300,68.45617790222168
2025-11-10,70.02812957763672,70.167160067399,68.95566818374654,69.52169221080935,15318000,68.64088020324706
2025-11-11,71.11053466796875,71.24955758887697,70.16716376520863,70.48493152388181,16160200,68.84445037841797
2025-11-12,71.01123046875,71.38857729763905,70.84241043565959,70.99136572312494,13612600,69.06440544128418
2025-11-13,70.57430267333984,71.17011629509292,70.504791210405,70.92185998801403,14002800,69.23719215393066
2025-11-14,70.6636734008789,71.14032123082693,70.10757416436533,70.91192968869619,13172000,69.37224349975585
2025-11-17,70.18701934814453,71.0310892277631,70.12744026229734,70.70338910324199,14772300,69.48346214294433
2025-11-18,70.72325134277344,70.84240951024466,70.07778348964236,70.49485222815271,12838900,69.48346214294433
2025-11-19,70.61402130126953,70.95164622659779,70.31611071618387,70.70338993108669,12401500,69.49835777282715
2025-11-20,70.71332550048828,70.98144655442066,70.11751187956699,70.45513682015593,15396500,69.56141471862793
2025-11-21,72.4411849975586,72.67951649938256,70.99136912094397,71.18004633250936,26492500,69.72228469848633
2025-11-24,72.08369445800781,72.64972608592737,71.07081210401583,72.64972608592737,39818600,69.84790229797363
2025-11-25,72.10356140136719,72.42132916682961,71.63683833855463,72.29223861642276,17451200,69.96954765319825
2025-11-26,72.37167358398438,72.58020796608025,71.885093359094,72.09362774118988,11795100,70.1944679260254
2025-11-28,72.61000061035156,72.71923398131365,72.25251095559938,72.49083486670732,7423000,70.40002403259277
2025-12-01,71.94999694824219,72.91000366210938,71.93000030517578,72.5999984741211,14388100,70.57655220031738
2025-12-02,70.66999816894531,71.80000305175781,70.43000030517578,71.80000305175781,19871300,70.73525581359863
2025-12-03,70.80999755859375,71.4000015258789,70.61000061035156,70.87999725341797,17001700,70.86669998168945
2025-12-04,70.44999694824219,71.33999633789062,70.37000274658203,70.83000183105469,17710000,70.9875919342041
2025-12-05,70.0,70.70999908447266,69.87000274658203,70.31999969482422,13978200,71.05867614746094
2025-12-08,70.25,70.37999725341797,69.48999786376953,69.83999633789062,17775100,71.06827964782715
2025-12-09,70.08999633789062,70.62999725341797,69.83000183105469,70.37000274658203,13010600,71.07137298583984
2025-12-10,70.20999908447266,70.52999877929688,69.77999877929688,70.38999938964844,29789400,71.02634620666504
2025-12-11,69.11000061035156,70.69000244140625,68.79000091552734,70.55000305175781,23124200,70.93128471374511
2025-12-12,70.5199966430664,70.62000274658203,69.04000091552734,69.11000061035156,18444500,70.92856941223144
2025-12-15,70.97000122070312,71.31999969482422,70.31999969482422,70.43000030517578,18660100,70.94388580322266
2025-12-16,70.37000274658203,71.30000305175781,70.31999969482422,71.30000305175781,17370000,70.95303497314453
2025-12-17,70.66999816894531,70.91999816894531,70.30999755859375,70.56999969482422,13672700,70.95037231445312
2025-12-18,70.36000061035156,70.80000305175781,70.16999816894531,70.2699966430664,15524800,70.93767127990722
2025-12-19,70.05999755859375,70.7699966430664,70.02999877929688,70.05999755859375,36911100,70.9050048828125
2025-12-22,70.20999908447266,70.22000122070312,69.66000366210938,69.93000030517578,12828500,70.7934455871582
2025-12-23,69.87000274658203,70.26000213623047,69.69000244140625,70.19999694824219,9471000,70.68276100158691
2025-12-24,70.11000061035156,70.16000366210938,69.75,69.9000015258789,4515300,70.58308296203613
2025-12-26,69.87000274658203,70.16000366210938,69.7300033569336,69.94999694824219,5711400,70.45799942016602
2025-12-29,70.16000366210938,70.41999816894531,69.8499984741211,70.0,9686900,70.3354995727539
2025-12-30,70.06999969482422,70.23999786376953,69.80000305175781,70.0,8605900,70.241499710083
